id,personnage,réplique,émotion,fichier
guard-name,guard,"Nouveau ? Votre nom ?",las,public/audio/vo-guard-name.mp3
guard-photo,guard,"Regardez l'objectif… Voilà. La photo est pas terrible, mais ça ira.",amusé,public/audio/vo-guard-photo.mp3
guard-welcome,guard,"Bienvenue chez Harlow & Vance. Passez votre badge sur le lecteur.",chaleureux,public/audio/vo-guard-welcome.mp3
guard-floor,guard,"Ascenseur panoramique, tout au fond. Cinquante-deuxième.",neutre,public/audio/vo-guard-floor.mp3
harlow-voicemail-1,harlow,"C'est Harlow. Je sais que vous êtes dans l'ascenseur, alors écoutez bien.",grave,public/audio/vo-harlow-voicemail-1.mp3
harlow-voicemail-2,harlow,"Meridian Logistics. Quatre mille camions, une cotation au Nasdaq, et un fonds de pension pour ses chauffeurs.",grave,public/audio/vo-harlow-voicemail-2.mp3
harlow-voicemail-3,harlow,"Ce fonds a perdu soixante millions de dollars en dix-huit mois. Les chauffeurs nous ont choisis pour les récupérer.",grave,public/audio/vo-harlow-voicemail-3.mp3
harlow-voicemail-4,harlow,"Meridian jure que ses comptes sont propres. Les chiffres, eux, sont trop beaux pour être honnêtes.",froid,public/audio/vo-harlow-voicemail-4.mp3
harlow-voicemail-5,harlow,"Trouvez-moi la fraude. Le reste, c'est de la plaidoirie.",froid,public/audio/vo-harlow-voicemail-5.mp3
nora-welcome,nora,"Il vous attend. Dernier bureau au fond. Et… bonne chance.",chaleureux,public/audio/vo-nora-welcome.mp3
mercer-intro,mercer,"C'est toi le stagiaire de Harlow ? Je parie que tu tiens pas une semaine.",moqueur,public/audio/vo-mercer-intro.mp3
mercer-after-ignore,mercer,"… Charmant. On verra si tu snobes aussi Harlow.",tendu,public/audio/vo-mercer-after-ignore.mp3
mercer-after-retort,mercer,"Ha. On en reparlera quand tu auras facturé ta première heure.",moqueur,public/audio/vo-mercer-after-retort.mp3
mercer-after-smile,mercer,"Souris tant que tu peux. Le cinquante-deuxième, ça use.",amusé,public/audio/vo-mercer-after-smile.mp3
harlow-stand,harlow,"Asseyez-vous. Non… restez debout. On réfléchit mieux debout.",froid,public/audio/vo-harlow-stand.mp3
harlow-message,harlow,"Vous avez écouté mon message. Bien.",grave,public/audio/vo-harlow-message.mp3
harlow-briefing,harlow,"Meridian publie ses comptes dans trois jours. Si la fraude existe, elle est dans ces pages.",grave,public/audio/vo-harlow-briefing.mp3
harlow-folder,harlow,"États financiers, annexes, contrats. Tout ce qu'ils ont bien voulu nous donner.",grave,public/audio/vo-harlow-folder.mp3
harlow-deadline,harlow,"Vous avez jusqu'à demain matin. Huit heures. Pas une minute de plus.",froid,public/audio/vo-harlow-deadline.mp3
theo-voicemail-welcome-1,theo,"Salut, c'est Theo, l'assistant du pôle contentieux. Si vous avez besoin de photocopies à trois heures du matin, je suis votre homme.",chaleureux,public/audio/vo-theo-voicemail-welcome-1.mp3
theo-voicemail-welcome-2,theo,"Enfin… traitez-moi bien, et je suis votre homme.",amusé,public/audio/vo-theo-voicemail-welcome-2.mp3
harlow-voicemail-desk,harlow,"Le dossier Meridian est sur votre bureau. Huit heures, demain matin. Je ne rappellerai pas.",froid,public/audio/vo-harlow-voicemail-desk.mp3
harlow-visit,harlow,"Vous n'avez pas un dossier à lire ?",froid,public/audio/vo-harlow-visit.mp3
harlow-visit-late,harlow,"Il est tard. Soit vous avez trouvé quelque chose, soit vous perdez mon temps.",froid,public/audio/vo-harlow-visit-late.mp3
audit-intro-2,theo,"Je vous ai laissé le bilan, le compte de résultat, les annexes et un ordre de mission. Café frais. Bon courage.",chaleureux,public/audio/vo-audit-intro-2.mp3
harlow-audit-ask,harlow,"Alors ? Montrez-moi ce que Meridian ne voulait pas qu'on voie.",froid,public/audio/vo-harlow-audit-ask.mp3
harlow-audit-s,harlow,"Tout. Vous avez tout vu, et vous l'avez prouvé. Je ne dis pas ça souvent : impeccable.",grave,public/audio/vo-harlow-audit-s.mp3
harlow-audit-a,harlow,"Solide. Il manque peu de chose. Avec ça, Meridian va passer une mauvaise semaine.",grave,public/audio/vo-harlow-audit-a.mp3
harlow-audit-b,harlow,"Correct. Correct n'a jamais gagné un procès, mais c'est un début.",froid,public/audio/vo-harlow-audit-b.mp3
harlow-audit-c,harlow,"C'est tout ? Les chauffeurs ont perdu soixante millions. Recommencez.",froid,public/audio/vo-harlow-audit-c.mp3
harlow-audit-false,harlow,"Et évitez d'accuser ce qui est propre. Une fausse accusation, et la partie adverse ne lit plus le reste.",froid,public/audio/vo-harlow-audit-false.mp3
harlow-audit-dismiss,harlow,"Vos heures sont facturées. Allez dormir deux heures. Ensuite, on va chercher Rourke.",grave,public/audio/vo-harlow-audit-dismiss.mp3
harlow-audit-found-cutoff,harlow,"Bien vu. Halvorsen : tout le contrat passé en chiffre d'affaires le jour de la signature, alors que le premier camion ne roule qu'en janvier. IFRS 15 : on reconnaît le revenu quand le service est rendu.",grave,public/audio/vo-harlow-audit-found-cutoff.mp3
harlow-audit-missed-cutoff,harlow,"Et vous avez raté ceci : Halvorsen : tout le contrat passé en chiffre d'affaires le jour de la signature, alors que le premier camion ne roule qu'en janvier. IFRS 15 : on reconnaît le revenu quand le service est rendu.",froid,public/audio/vo-harlow-audit-missed-cutoff.mp3
harlow-audit-found-related,harlow,"Bien vu. Orca facture des millions de « conseil » à Meridian et lui doit une avance sans garantie. Un administrateur des deux côtés : l'argent tourne en rond.",grave,public/audio/vo-harlow-audit-found-related.mp3
harlow-audit-missed-related,harlow,"Et vous avez raté ceci : Orca facture des millions de « conseil » à Meridian et lui doit une avance sans garantie. Un administrateur des deux côtés : l'argent tourne en rond.",froid,public/audio/vo-harlow-audit-missed-related.mp3
harlow-audit-found-depreciation,harlow,"Bien vu. Allonger la durée d'amortissement de 5 à 9 ans sans étude technique, c'est fabriquer 71 millions de bénéfice d'un trait de plume. La flotte grossit, la dotation baisse : ça ne tient pas.",grave,public/audio/vo-harlow-audit-found-depreciation.mp3
harlow-audit-missed-depreciation,harlow,"Et vous avez raté ceci : Allonger la durée d'amortissement de 5 à 9 ans sans étude technique, c'est fabriquer 71 millions de bénéfice d'un trait de plume. La flotte grossit, la dotation baisse : ça ne tient pas.",froid,public/audio/vo-harlow-audit-missed-depreciation.mp3
harlow-audit-found-inventory,harlow,"Bien vu. Des pièces pour des camions retirés du service, gardées au prix d'achat. Les stocks gonflent trois fois plus vite que l'activité.",grave,public/audio/vo-harlow-audit-found-inventory.mp3
harlow-audit-missed-inventory,harlow,"Et vous avez raté ceci : Des pièces pour des camions retirés du service, gardées au prix d'achat. Les stocks gonflent trois fois plus vite que l'activité.",froid,public/audio/vo-harlow-audit-missed-inventory.mp3
